cap_number,po_initials,po_race,po_sex,allegations_investigated,investigative_findings,disciplinary_findings
17-0001,CV,White,Male,Unprofessional Conduct,Other than Sustained Finding,Not Applicable
17-0001,CV,White,Male,Criminal Allegation,Other than Sustained Finding,Not Applicable
17-0002,RB,Black,Female,Lack of Service,Sustained Finding,Training/Counseling
17-0002,RF,Latino,Male,Lack of Service,Sustained Finding,Training/Counseling
17-0002,KB,Black,Male,Lack of Service,Other than Sustained Finding,Not Applicable
17-0003,AD,White,Male,Physical Abuse,Other than Sustained Finding,Not Applicable
17-0004,TS,Black,Female,Lack of Service,Sustained Finding,Not Applicable
17-0005,DV,Black,Male,Domestic,Other than Sustained Finding,Not Applicable
17-0005,DV,Black,Male,Domestic,Other than Sustained Finding,Not Applicable
17-0006,AS,Black,Male,Verbal Abuse,Other than Sustained Finding,Not Applicable
17-0006,CG,Black,Male,Verbal Abuse,Other than Sustained Finding,Not Applicable
17-0007,RB,Black,Male,Physical Abuse,Other than Sustained Finding,Not Applicable
17-0007,JM,White,Female,Physical Abuse,Other than Sustained Finding,Not Applicable
17-0008,TK,White,Male,Investigation OnGoing,Pending,Pending
17-0009,JP,Latino,Female,Departmental Violation,Other than Sustained Finding,Not Applicable
17-0010,ML,White,Male,Departmental Violation,Other than Sustained Finding,Not Applicable
17-0011,UNK,UNK,UNK,Departmental Violation,Other than Sustained Finding,Not Applicable
17-0011,UNK,UNK,UNK,Verbal Abuse,Other than Sustained Finding,Not Applicable
17-0011,UNK,UNK,UNK,Physical Abuse,Other than Sustained Finding,Not Applicable
17-0012,MF,Latino,Male,Investigation OnGoing,Pending,Pending
17-0012,MP,Black,Male,Investigation OnGoing,Pending,Pending
17-0013,RW,White,Male,Unprofessional Conduct,Other than Sustained Finding,Not Applicable
17-0013,RW,White,Male,Physical Abuse,Other than Sustained Finding,Not Applicable
17-0014,PB,White,Male,Lack of Service,Other than Sustained Finding,Not Applicable
17-0015,UNK,UNK,UNK,Physical Abuse,Other than Sustained Finding,Not Applicable
17-0016,TM,Black,Female,Lack of Service,Other than Sustained Finding,Not Applicable
17-0016,TB,Black,Female,Lack of Service,Other than Sustained Finding,Not Applicable
17-0017,UNK,UNK,UNK,Verbal Abuse,Other than Sustained Finding,Not Applicable
17-0018,UNK,UNK,UNK,Lack of Service,Other than Sustained Finding,Not Applicable
17-0019,RO,Black,Female,Verbal Abuse,Other than Sustained Finding,Not Applicable
17-0019,RO,Black,Female,Departmental Violation,Sustained Finding,Training/Counseling
17-0019,RO,Black,Female,Departmental Violation,Sustained Finding,Training/Counseling
17-0020,PE,White,Female,Investigation OnGoing,Pending,Pending
17-0020,MG,Latino,Male,Investigation OnGoing,Pending,Pending
17-0021,RF,White,Male,Investigation OnGoing,Pending,Pending
17-0022,AS,White,Male,Verbal Abuse,Other than Sustained Finding,Not Applicable
17-0022,JK,White,Male,Verbal Abuse,Other than Sustained Finding,Not Applicable
17-0023,TA,White,Male,Lack of Service,Other than Sustained Finding,Not Applicable
17-0024,DM,Black,Female,Unprofessional Conduct,Other than Sustained Finding,Not Applicable
17-0025,UNK,UNK,UNK,Lack of Service,Other than Sustained Finding,Not Applicable
17-0025,SN,White,Male,Lack of Service,Other than Sustained Finding,Not Applicable
17-0025,LG,White,Female,Lack of Service,Other than Sustained Finding,Not Applicable
17-0026,BM,White,Female,Lack of Service,Other than Sustained Finding,Not Applicable
17-0026,MH,Black,Female,Lack of Service,Other than Sustained Finding,Not Applicable
17-0027,PT,Black,Male,Unprofessional Conduct,Other than Sustained Finding,Not Applicable
17-0028,DG,Black,Female,Investigation OnGoing,Pending,Pending
17-0029,NL,Asian,Male,Departmental Violation,Other than Sustained Finding,Not Applicable
17-0030,GR,Black,Male,Departmental Violation,Other than Sustained Finding,Not Applicable
17-0031,UNK,UNK,UNK,Investigation OnGoing,Pending,Pending
17-0032,BS,Black,Male,Lack of Service,Other than Sustained Finding,Not Applicable
17-0033,TS,White,Male,Investigation OnGoing,Pending,Pending
17-0034,JB,Black,Male,Departmental Violation,Other than Sustained Finding,Not Applicable
17-0035,TM,Black,Female,Verbal Abuse,Other than Sustained Finding,Not Applicable
17-0036,CB,Black,Female,Investigation OnGoing,Pending,Pending
17-0036,DB,White,Female,Investigation OnGoing,Pending,Pending
17-0036,SB,Black,Female,Investigation OnGoing,Pending,Pending
17-0037,SW,Black,Female,Investigation OnGoing,Pending,Pending
17-0037,JA,Black,Female,Investigation OnGoing,Pending,Pending
17-0037,EC,Latino,Male,Investigation OnGoing,Pending,Pending
17-0038,RH,White,Male,Investigation OnGoing,Pending,Pending
17-0038,TD,White,Male,Investigation OnGoing,Pending,Pending
17-0038,MH,White,Female,Investigation OnGoing,Pending,Pending
17-0038,JS,Asian,Male,Investigation OnGoing,Pending,Pending
17-0038,WP,White,Male,Investigation OnGoing,Pending,Pending
17-0038,PD,White,Male,Investigation OnGoing,Pending,Pending
17-0039,NR,Asian,Male,Investigation OnGoing,Pending,Pending
17-0039,RM,White,Male,Investigation OnGoing,Pending,Pending
17-0039,MB,Black,Male,Investigation OnGoing,Pending,Pending
17-0039,MM,Black,Male,Investigation OnGoing,Pending,Pending
17-0040,AL,White,Male,Verbal Abuse,Other than Sustained Finding,Not Applicable
17-0040,AL,White,Male,Physical Abuse,Other than Sustained Finding,Not Applicable
17-0040,AL,White,Male,Departmental Violation,Other than Sustained Finding,Not Applicable
17-0040,CJ,Black,Male,Physical Abuse,Other than Sustained Finding,Not Applicable
17-0040,CJ,Black,Male,Verbal Abuse,Other than Sustained Finding,Not Applicable
17-0040,CJ,Black,Male,Departmental Violation,Other than Sustained Finding,Not Applicable
17-0041,AL,Black,Female,Investigation OnGoing,Pending,Pending
17-0042,UNK,UNK,UNK,Investigation OnGoing,Pending,Pending
17-0043,NS,White,Male,Lack of Service,Other than Sustained Finding,Not Applicable
17-0044,KP,White,Male,Investigation OnGoing,Pending,Pending
17-0044,JG,White,Male,Investigation OnGoing,Pending,Pending
17-0045,JL,White,Male,Investigation OnGoing,Pending,Pending
17-0045,SK,White,Male,Investigation OnGoing,Pending,Pending
17-0046,JN,Black,Male,Lack of Service,Other than Sustained Finding,Not Applicable
17-0047,VG,Black,Female,Departmental Violation,Sustained Finding,Training/Counseling
17-0047,VG,Black,Female,Departmental Violation,Sustained Finding,Training/Counseling
17-0048,JO,White,Male,Investigation OnGoing,Pending,Pending
17-0048,MR,Latino,Male,Investigation OnGoing,Pending,Pending
17-0049,AP,Black,Male,Departmental Violation,Sustained Finding,Guilty Finding
17-0049,AP,Black,Male,Lack of Service,Sustained Finding,Guilty Finding
17-0050,PG,Black,Female,Departmental Violation,Sustained Finding,Training/Counseling
17-0051,UNK,UNK,UNK,Investigation OnGoing,Pending,Pending
17-0052,UNK,UNK,UNK,Investigation OnGoing,Pending,Pending
17-0053,DL,Black,Female,Harassment,Other than Sustained Finding,Not Applicable
17-0053,DY,Black,Male,Harassment,Other than Sustained Finding,Not Applicable
17-0054,RG,Black,Male,Physical Abuse,Other than Sustained Finding,Not Applicable
17-0054,KS,Black,Male,Physical Abuse,Other than Sustained Finding,Not Applicable
17-0055,JH,Black,Female,Lack of Service,Other than Sustained Finding,Not Applicable
17-0055,JH,Black,Female,Departmental Violation,Sustained Finding,Training/Counseling
17-0055,JH,Black,Female,Unprofessional Conduct,Other than Sustained Finding,Not Applicable
17-0055,MM,Latino,Male,Unprofessional Conduct,Other than Sustained Finding,Not Applicable
17-0055,MM,Latino,Male,Lack of Service,Other than Sustained Finding,Not Applicable
17-0055,MM,Latino,Male,Departmental Violation,Sustained Finding,Training/Counseling
17-0056,JR,White,Male,Investigation OnGoing,Pending,Pending
17-0056,AD,Black,Female,Investigation OnGoing,Pending,Pending
17-0056,CE,White,Male,Investigation OnGoing,Pending,Pending
17-0057,BH,White,Male,Physical Abuse,Other than Sustained Finding,Not Applicable
17-0057,JK,White,Male,Physical Abuse,Other than Sustained Finding,Not Applicable
17-0058,FA,White,Male,Departmental Violation,Sustained Finding,Training/Counseling
17-0058,CM,White,Male,Harassment,Other than Sustained Finding,Not Applicable
17-0059,JR,White,Male,Investigation OnGoing,Pending,Pending
17-0059,RO,White,Male,Investigation OnGoing,Pending,Pending
17-0060,CF,White,Female,Harassment,Other than Sustained Finding,Not Applicable
17-0060,JM,White,Male,Harassment,Other than Sustained Finding,Not Applicable
17-0061,MB,Black,Female,Investigation OnGoing,Pending,Pending
17-0062,MW,White,Male,Investigation OnGoing,Pending,Pending
17-0062,WF,White,Male,Investigation OnGoing,Pending,Pending
17-0063,JB,White,Male,Investigation OnGoing,Pending,Pending
17-0064,SD,Black,Male,Verbal Abuse,Other than Sustained Finding,Not Applicable
17-0065,RP,White,Male,Investigation OnGoing,Pending,Pending
17-0066,JC,White,Male,Criminal Allegation,Other than Sustained Finding,Not Applicable
17-0066,AC,White,Male,Criminal Allegation,Other than Sustained Finding,Not Applicable
17-0066,LH,Black,Male,Criminal Allegation,Other than Sustained Finding,Not Applicable
17-0066,AC,White,Male,Departmental Violation,Other than Sustained Finding,Not Applicable
17-0066,RH,Black,Male,Criminal Allegation,Other than Sustained Finding,Not Applicable
17-0066,RM,White,Male,Criminal Allegation,Other than Sustained Finding,Not Applicable
17-0066,JS,Black,Male,Criminal Allegation,Other than Sustained Finding,Not Applicable
17-0066,JL,Latino,Male,Criminal Allegation,Other than Sustained Finding,Not Applicable
17-0066,RM,White,Male,Criminal Allegation,Other than Sustained Finding,Not Applicable
17-0066,RM,White,Male,Departmental Violation,Other than Sustained Finding,Not Applicable
17-0067,UNK,UNK,UNK,Investigation OnGoing,Pending,Pending
17-0068,UNK,UNK,UNK,Investigation OnGoing,Pending,Pending
17-0069,WM,White,Male,Lack of Service,Other than Sustained Finding,Not Applicable
17-0069,WM,White,Male,Unprofessional Conduct,Other than Sustained Finding,Not Applicable
17-0070,DA,White,Male,Physical Abuse,Other than Sustained Finding,Not Applicable
17-0071,FB,White,Male,Other Misconduct,Other than Sustained Finding,Not Applicable
17-0071,FB,White,Male,Unprofessional Conduct,Other than Sustained Finding,Not Applicable
17-0071,FB,White,Male,Domestic,Other than Sustained Finding,Not Applicable
17-0071,FB,White,Male,Unprofessional Conduct,Other than Sustained Finding,Not Applicable
17-0071,FB,White,Male,Departmental Violation,Other than Sustained Finding,Not Applicable
17-0071,FB,White,Male,Sexual Crime/Misconduct,Other than Sustained Finding,Not Applicable
17-0072,JA,Black,Female,Investigation OnGoing,Pending,Pending
17-0072,SW,Black,Female,Investigation OnGoing,Pending,Pending
17-0073,JK,White,Male,Lack of Service,Other than Sustained Finding,Not Applicable
17-0074,JC,White,Male,Lack of Service,Other than Sustained Finding,Not Applicable
17-0074,SD,Black,Male,Lack of Service,Other than Sustained Finding,Not Applicable
17-0074,JB,White,Male,Lack of Service,Other than Sustained Finding,Not Applicable
17-0075,MA,Black,Male,Lack of Service,Other than Sustained Finding,Not Applicable
17-0076,LG,White,Male,Investigation OnGoing,Pending,Pending
17-0076,NC,Latino,Male,Investigation OnGoing,Pending,Pending
17-0077,JB,White,Male,Departmental Violation,Other than Sustained Finding,Not Applicable
17-0078,JL,Black,Male,Investigation OnGoing,Pending,Pending
17-0078,JD,White,Male,Investigation OnGoing,Pending,Pending
17-0079,MR,Latino,Male,Criminal Allegation,Other than Sustained Finding,Not Applicable
17-0079,MR,Latino,Male,Departmental Violation,Other than Sustained Finding,Not Applicable
17-0079,ZV,Latino,Male,Lack of Service,Other than Sustained Finding,Not Applicable
17-0079,LE,White,Male,Lack of Service,Other than Sustained Finding,Not Applicable
17-0080,EA,White,Male,Unprofessional Conduct,Other than Sustained Finding,Not Applicable
17-0080,DS,White,Male,Unprofessional Conduct,Other than Sustained Finding,Not Applicable
17-0081,JM,White,Male,Investigation OnGoing,Pending,Pending
17-0081,JR,White,Male,Investigation OnGoing,Pending,Pending
17-0081,RR,White,Male,Investigation OnGoing,Pending,Pending
17-0082,UNK,UNK,UNK,Investigation OnGoing,Pending,Pending
17-0083,AS,Black,Male,Investigation OnGoing,Pending,Pending
17-0083,BB,Latino,Male,Investigation OnGoing,Pending,Pending
17-0083,OS,Latino,Female,Investigation OnGoing,Pending,Pending
17-0084,JO,White,Male,Lack of Service,Sustained Finding,Not Applicable
17-0084,CD,White,Male,Lack of Service,Sustained Finding,Not Applicable
17-0084,RB,White,Male,Lack of Service,Sustained Finding,Not Applicable
17-0085,GL,Black,Female,Departmental Violation,Sustained Finding,Training/Counseling
17-0085,JT,White,Male,Departmental Violation,Sustained Finding,Training/Counseling
17-0085,GR,Black,Male,Domestic,Sustained Finding,Training/Counseling
17-0086,AD,Asian,Male,Physical Abuse,Other than Sustained Finding,Not Applicable
17-0086,AD,Asian,Male,Verbal Abuse,Other than Sustained Finding,Not Applicable
17-0086,AD,Asian,Male,Departmental Violation,Other than Sustained Finding,Not Applicable
17-0086,JG,Black,Female,Departmental Violation,Sustained Finding,Training/Counseling
17-0087,JP,White,Male,Lack of Service,Other than Sustained Finding,Not Applicable
17-0087,CF,White,Female,Lack of Service,Other than Sustained Finding,Not Applicable
17-0088,CP,Black,Female,Investigation OnGoing,Pending,Pending
17-0089,TJ,Black,Female,Lack of Service,Other than Sustained Finding,Not Applicable
17-0090,UNK,UNK,UNK,Investigation OnGoing,Pending,Pending
17-0091,TC,White,Male,Lack of Service,Other than Sustained Finding,Not Applicable
17-0091,HP,Black,Male,Lack of Service,Other than Sustained Finding,Not Applicable
17-0092,UNK,UNK,UNK,Departmental Violation,Other than Sustained Finding,Not Applicable
17-0093,GS,White,Male,Unprofessional Conduct,Other than Sustained Finding,Not Applicable
17-0094,DV,White,Male,Investigation OnGoing,Pending,Pending
17-0095,AC,Black,Male,Investigation OnGoing,Pending,Pending
17-0096,GK,White,Male,Harassment,Other than Sustained Finding,Not Applicable
17-0097,MV,Black,Male,Physical Abuse,Other than Sustained Finding,Not Applicable
17-0097,DG,Black,Male,Physical Abuse,Other than Sustained Finding,Not Applicable
17-0098,MM,White,Male,Departmental Violation,Sustained Finding,Training/Counseling
17-0098,MM,White,Male,Departmental Violation,Other than Sustained Finding,Not Applicable
17-0099,VP,White,Male,Lack of Service,Other than Sustained Finding,Not Applicable
17-0099,MC,White,Male,Harassment,Other than Sustained Finding,Not Applicable
17-0099,MC,White,Male,Departmental Violation,Other than Sustained Finding,Not Applicable
17-0100,MH,Asian,Male,Investigation OnGoing,Pending,Pending
17-0100,SS,Asian,Male,Investigation OnGoing,Pending,Pending
17-0101,CF,White,Male,Investigation OnGoing,Pending,Pending
17-0102,JC,White,Male,Investigation OnGoing,Pending,Pending
17-0103,MT,White,Male,Departmental Violation,Sustained Finding,Training/Counseling
17-0103,GD,White,Male,Departmental Violation,Sustained Finding,Training/Counseling
17-0103,GD,White,Male,Verbal Abuse,Other than Sustained Finding,Not Applicable
17-0104,JO,White,Male,Departmental Violation,Other than Sustained Finding,Not Applicable
17-0104,JO,White,Male,Verbal Abuse,Other than Sustained Finding,Not Applicable
17-0104,ER,Black,Male,Sexual Crime/Misconduct,Other than Sustained Finding,Not Applicable
17-0104,ER,Black,Male,Departmental Violation,Sustained Finding,Training/Counseling
17-0105,AG,Black,Male,Departmental Violation,Sustained Finding,Training/Counseling
17-0105,EA,Black,Male,Lack of Service,Other than Sustained Finding,Not Applicable
17-0105,JP,Black,Male,Lack of Service,Other than Sustained Finding,Not Applicable
17-0105,JN,Black,Male,Departmental Violation,Sustained Finding,Training/Counseling
17-0106,TD,Black,Male,Departmental Violation,Sustained Finding,Guilty Finding
17-0106,TD,Black,Male,Departmental Violation,Sustained Finding,Guilty Finding
17-0106,TD,Black,Male,Departmental Violation,Sustained Finding,Guilty Finding
17-0107,AW,Black,Female,Departmental Violation,Other than Sustained Finding,Not Applicable
17-0107,MQ,Latino,Female,Departmental Violation,Other than Sustained Finding,Not Applicable
17-0107,MQ,Latino,Female,Unprofessional Conduct,Other than Sustained Finding,Not Applicable
17-0107,PB,White,Male,Lack of Service,Other than Sustained Finding,Not Applicable
17-0108,CM,White,Male,Lack of Service,Other than Sustained Finding,Not Applicable
17-0108,MS,White,Male,Lack of Service,Other than Sustained Finding,Not Applicable
17-0108,RC,White,Male,Lack of Service,Other than Sustained Finding,Not Applicable
17-0109,EM,Black,Male,Unprofessional Conduct,Other than Sustained Finding,Not Applicable
17-0109,S,Black,Female,Departmental Violation,Other than Sustained Finding,Not Applicable
17-0109,S,Black,Female,Unprofessional Conduct,Other than Sustained Finding,Not Applicable
17-0110,EK,White,Male,Investigation OnGoing,Pending,Pending
17-0111,AC,White,Male,Civil Rights Complaint,Other than Sustained Finding,Not Applicable
17-0111,EH,White,Male,Civil Rights Complaint,Other than Sustained Finding,Not Applicable
17-0112,JC,White,Male,Investigation OnGoing,Pending,Pending
17-0112,BC,White,Male,Investigation OnGoing,Pending,Pending
17-0113,CB,White,Female,Departmental Violation,Other than Sustained Finding,Not Applicable
17-0114,MK,White,Male,Verbal Abuse,Other than Sustained Finding,Not Applicable
17-0114,DC,Asian,Male,Verbal Abuse,Other than Sustained Finding,Not Applicable
17-0115,UNK,UNK,UNK,Physical Abuse,Other than Sustained Finding,Not Applicable
17-0115,JR,White,Male,Lack of Service,Other than Sustained Finding,Not Applicable
17-0116,SJ,Black,Female,Criminal Allegation,Other than Sustained Finding,Not Applicable
17-0117,VC,White,Female,Physical Abuse,Other than Sustained Finding,Not Applicable
17-0117,RP,Latino,Male,Physical Abuse,Other than Sustained Finding,Not Applicable
17-0118,UNK,UNK,UNK,Investigation OnGoing,Pending,Pending
17-0119,JJ,Black,Female,Civil Rights Complaint,Other than Sustained Finding,Not Applicable
17-0119,LJ,Black,Male,Verbal Abuse,Other than Sustained Finding,Not Applicable
17-0119,LJ,Black,Male,Civil Rights Complaint,Other than Sustained Finding,Not Applicable
17-0120,FR,Latino,Male,Lack of Service,Other than Sustained Finding,Not Applicable
17-0121,MW,White,Male,Investigation OnGoing,Pending,Pending
17-0122,MH,White,Male,Departmental Violation,Other than Sustained Finding,Not Applicable
17-0122,JM,White,Male,Departmental Violation,Other than Sustained Finding,Not Applicable
17-0122,MM,Black,Male,Departmental Violation,Other than Sustained Finding,Not Applicable
17-0123,ER,White,Male,Departmental Violation,Other than Sustained Finding,Not Applicable
17-0124,JM,Latino,Male,Harassment,Other than Sustained Finding,Not Applicable
17-0125,OH,Black,Male,Departmental Violation,Sustained Finding,Training/Counseling
17-0125,OH,Black,Male,Departmental Violation,Other than Sustained Finding,Not Applicable
17-0125,ER,Black,Male,Departmental Violation,Other than Sustained Finding,Not Applicable
17-0126,AO,Latino,Male,Investigation OnGoing,Pending,Pending
17-0127,RR,White,Male,Lack of Service,Other than Sustained Finding,Not Applicable
17-0128,JM,White,Male,Departmental Violation,Other than Sustained Finding,Not Applicable
17-0128,CK,White,Male,Verbal Abuse,Other than Sustained Finding,Not Applicable
17-0129,AP,Black,Male,Physical Abuse,Other than Sustained Finding,Not Applicable
17-0130,BK,White,Male,Investigation OnGoing,Pending,Pending
17-0130,LB,White,Female,Investigation OnGoing,Pending,Pending
17-0130,CD,White,Female,Investigation OnGoing,Pending,Pending
17-0131,TJ,Black,Female,Departmental Violation,Other than Sustained Finding,Not Applicable
17-0131,TJ,Black,Female,Departmental Violation,Other than Sustained Finding,Not Applicable
17-0131,JR,Black,Female,Lack of Service,Sustained Finding,Not Applicable
17-0132,TW,Black,Male,Investigation OnGoing,Pending,Pending
17-0133,KB,Black,Male,Physical Abuse,Other than Sustained Finding,Not Applicable
17-0133,KB,Black,Male,Departmental Violation,Other than Sustained Finding,Not Applicable
17-0133,JR,Black,Male,Physical Abuse,Other than Sustained Finding,Not Applicable
17-0133,JR,Black,Male,Departmental Violation,Other than Sustained Finding,Not Applicable
17-0134,KM,Latino,Female,Lack of Service,Other than Sustained Finding,Not Applicable
17-0135,JT,White,Male,Departmental Violation,Other than Sustained Finding,Not Applicable
17-0135,JS,White,Male,Civil Rights Complaint,Other than Sustained Finding,Not Applicable
17-0135,BG,White,Male,Departmental Violation,Other than Sustained Finding,Not Applicable
17-0136,CM,Black,Male,Investigation OnGoing,Pending,Pending
17-0137,FK,White,Male,Investigation OnGoing,Pending,Pending
17-0138,TM,Black,Female,Lack of Service,Other than Sustained Finding,Not Applicable
17-0139,CF,White,Male,Investigation OnGoing,Pending,Pending
17-0140,JW,White,Male,Verbal Abuse,Other than Sustained Finding,Not Applicable
17-0141,JL,White,Male,Investigation OnGoing,Pending,Pending
17-0142,JB,White,Male,Departmental Violation,Other than Sustained Finding,Not Applicable
17-0143,SV,Black,Male,Physical Abuse,Other than Sustained Finding,Not Applicable
17-0143,SV,Black,Male,Verbal Abuse,Other than Sustained Finding,Not Applicable
17-0143,SV,Black,Male,Verbal Abuse,Other than Sustained Finding,Not Applicable
17-0143,AP,Latino,Male,Verbal Abuse,Other than Sustained Finding,Not Applicable
17-0143,NL,White,Male,Verbal Abuse,Other than Sustained Finding,Not Applicable
17-0143,NL,White,Male,Physical Abuse,Other than Sustained Finding,Not Applicable
17-0143,AO,White,Male,Departmental Violation,Sustained Finding,Training/Counseling
17-0143,AO,White,Male,Verbal Abuse,Other than Sustained Finding,Not Applicable
17-0144,JM,Black,Male,Investigation OnGoing,Pending,Pending
17-0144,JH,White,Male,Investigation OnGoing,Pending,Pending
17-0145,UNK,UNK,UNK,Criminal Allegation,Other than Sustained Finding,Not Applicable
17-0146,RO,White,Male,Investigation OnGoing,Pending,Pending
17-0147,GP,Latino,Male,Investigation OnGoing,Pending,Pending
17-0148,WK,White,Male,Verbal Abuse,Other than Sustained Finding,Not Applicable
17-0148,GS,Latino,Male,Physical Abuse,Other than Sustained Finding,Not Applicable
17-0148,TS,White,Male,Physical Abuse,Other than Sustained Finding,Not Applicable
17-0149,SS,Black,Male,Investigation OnGoing,Pending,Pending
17-0150,FA,Black,Male,Lack of Service,Other than Sustained Finding,Not Applicable
17-0151,AE,White,Female,Lack of Service,Other than Sustained Finding,Not Applicable
17-0152,WB,White,Male,Investigation OnGoing,Pending,Pending
17-0153,KC,White,Male,Verbal Abuse,Other than Sustained Finding,Not Applicable
17-0154,SF,Asian,Male,Lack of Service,Other than Sustained Finding,Not Applicable
17-0154,CP,Black,Male,Lack of Service,Other than Sustained Finding,Not Applicable
17-0155,IA,Black,Male,Investigation OnGoing,Pending,Pending
17-0155,GG,Black,Male,Investigation OnGoing,Pending,Pending
17-0156,BL,White,Female,Investigation OnGoing,Pending,Pending
17-0157,MM,White,Male,Lack of Service,Other than Sustained Finding,Not Applicable
17-0158,TD,Black,Male,Departmental Violation,Other than Sustained Finding,Not Applicable
17-0158,JB,White,Male,Departmental Violation,Other than Sustained Finding,Not Applicable
17-0159,LR,Black,Male,Investigation OnGoing,Pending,Pending
17-0160,ML,White,Male,Investigation OnGoing,Pending,Pending
17-0160,CD,White,Male,Investigation OnGoing,Pending,Pending
17-0160,DC,Latino,Male,Investigation OnGoing,Pending,Pending
17-0161,OP,Latino,Male,Verbal Abuse,Other than Sustained Finding,Not Applicable
17-0162,KF,White,Female,Lack of Service,Other than Sustained Finding,Not Applicable
17-0162,SM,Black,Male,Lack of Service,Other than Sustained Finding,Not Applicable
17-0163,KB,Black,Female,Investigation OnGoing,Pending,Pending
17-0163,WJ,Black,Female,Investigation OnGoing,Pending,Pending
17-0164,AP,White,Male,Departmental Violation,Other than Sustained Finding,Not Applicable
17-0164,AP,White,Male,Unprofessional Conduct,Other than Sustained Finding,Not Applicable
17-0164,JD,White,Male,Departmental Violation,Other than Sustained Finding,Not Applicable
17-0164,JD,White,Male,Unprofessional Conduct,Other than Sustained Finding,Not Applicable
17-0165,QD,Black,Female,Lack of Service,Other than Sustained Finding,Not Applicable
17-0166,GF,White,Male,Verbal Abuse,Other than Sustained Finding,Not Applicable
17-0167,UNK,UNK,UNK,Investigation OnGoing,Pending,Pending
17-0168,TD,Black,Male,Investigation OnGoing,Pending,Pending
17-0168,JB,White,Male,Investigation OnGoing,Pending,Pending
17-0169,JB,White,Male,Verbal Abuse,Other than Sustained Finding,Not Applicable
17-0169,DA,White,Male,Verbal Abuse,Other than Sustained Finding,Not Applicable
17-0170,SS,Black,Male,Departmental Violation,Other than Sustained Finding,Not Applicable
17-0170,TW,Black,Female,Departmental Violation,Other than Sustained Finding,Not Applicable
17-0171,PM,Black,Female,Unprofessional Conduct,Sustained Finding,Not Applicable
17-0172,KP,White,Male,Lack of Service,Other than Sustained Finding,Not Applicable
17-0172,KP,White,Male,Departmental Violation,Sustained Finding,Training/Counseling
17-0173,KE,White,Male,Lack of Service,Other than Sustained Finding,Not Applicable
17-0173,EM,White,Male,Lack of Service,Other than Sustained Finding,Not Applicable
17-0174,BB,Black,Male,Lack of Service,Other than Sustained Finding,Not Applicable
17-0174,EL,White,Male,Lack of Service,Other than Sustained Finding,Not Applicable
17-0174,DM,White,Male,Lack of Service,Other than Sustained Finding,Not Applicable
17-0174,GK,White,Male,Lack of Service,Other than Sustained Finding,Not Applicable
17-0175,EN,White,Male,Departmental Violation,Sustained Finding,Training/Counseling
17-0176,KD,Black,Male,Investigation OnGoing,Pending,Pending
17-0176,AL,Latino,Male,Investigation OnGoing,Pending,Pending
17-0177,WM,White,Male,Departmental Violation,Other than Sustained Finding,Not Applicable
17-0178,CC,Asian,Female,Investigation OnGoing,Pending,Pending
17-0179,PF,White,Male,Investigation OnGoing,Pending,Pending
17-0179,MP,White,Male,Investigation OnGoing,Pending,Pending
17-0180,ER,Black,Male,Unprofessional Conduct,Other than Sustained Finding,Not Applicable
17-0180,DB,Black,Female,Unprofessional Conduct,Other than Sustained Finding,Not Applicable
17-0181,HA,White,Female,Investigation OnGoing,Pending,Pending
17-0181,JR,Latino,Male,Investigation OnGoing,Pending,Pending
17-0182,MG,Black,Male,Lack of Service,Other than Sustained Finding,Not Applicable
17-0183,JA,White,Male,Verbal Abuse,Other than Sustained Finding,Not Applicable
17-0183,HP,Asian,Male,Verbal Abuse,Other than Sustained Finding,Not Applicable
17-0184,AD,Black,Male,Investigation OnGoing,Pending,Pending
17-0185,FB,White,Male,Physical Abuse,Sustained Finding,Not Applicable
17-0185,FB,White,Male,Departmental Violation,Sustained Finding,Not Applicable
17-0185,FB,White,Male,Verbal Abuse,Sustained Finding,Not Applicable
17-0186,NP,Black,Female,Physical Abuse,Other than Sustained Finding,Not Applicable
17-0186,NP,Black,Female,Verbal Abuse,Other than Sustained Finding,Not Applicable
17-0187,MT,Black,Male,Unprofessional Conduct,Other than Sustained Finding,Not Applicable
17-0188,TL,White,Male,Departmental Violation,Other than Sustained Finding,Not Applicable
17-0188,TL,White,Male,Criminal Allegation,Other than Sustained Finding,Not Applicable
17-0188,JK,White,Male,Criminal Allegation,Other than Sustained Finding,Not Applicable
17-0188,JK,White,Male,Departmental Violation,Other than Sustained Finding,Not Applicable
17-0188,CR,White,Male,Departmental Violation,Other than Sustained Finding,Not Applicable
17-0188,CR,White,Male,Criminal Allegation,Other than Sustained Finding,Not Applicable
17-0189,BB,Black,Male,Investigation OnGoing,Pending,Pending
17-0189,JM,White,Male,Investigation OnGoing,Pending,Pending
17-0190,TD,White,Male,Verbal Abuse,Other than Sustained Finding,Not Applicable
17-0190,TD,White,Male,Departmental Violation,Other than Sustained Finding,Not Applicable
17-0190,NM,White,Male,Verbal Abuse,Other than Sustained Finding,Not Applicable
17-0190,NM,White,Male,Departmental Violation,Other than Sustained Finding,Not Applicable
17-0191,DA,White,Male,Investigation OnGoing,Pending,Pending
17-0192,AB,Black,Male,Physical Abuse,Other than Sustained Finding,Not Applicable
17-0192,MO,Black,Male,Physical Abuse,Other than Sustained Finding,Not Applicable
17-0193,JT,Black,Male,Departmental Violation,Other than Sustained Finding,Not Applicable
17-0232,RL,White,Male,Investigation OnGoing,Pending,Pending
17-0193,JT,Black,Male,Unprofessional Conduct,Other than Sustained Finding,Not Applicable
17-0194,WS,Black,Male,Investigation OnGoing,Pending,Pending
17-0194,OT,Latino,Male,Investigation OnGoing,Pending,Pending
17-0195,AJ,Black,Male,Investigation OnGoing,Pending,Pending
17-0196,JM,Latino,Male,Investigation OnGoing,Pending,Pending
17-0196,DL,White,Male,Investigation OnGoing,Pending,Pending
17-0197,YS,Black,Female,Verbal Abuse,Other than Sustained Finding,Not Applicable
17-0198,UNK,UNK,UNK,Investigation OnGoing,Pending,Pending
17-0199,JR,Black,Male,Unprofessional Conduct,Other than Sustained Finding,Not Applicable
17-0200,MB,Black,Male,Departmental Violation,Sustained Finding,Training/Counseling
17-0201,LM,White,Male,Investigation OnGoing,Pending,Pending
17-0202,UNK,UNK,UNK,Investigation OnGoing,Pending,Pending
17-0203,MS,Asian,Male,Lack of Service,Other than Sustained Finding,Not Applicable
17-0203,NA,Black,Male,Lack of Service,Other than Sustained Finding,Not Applicable
17-0204,S,Black,Female,Unprofessional Conduct,Sustained Finding,Not Applicable
17-0204,S,Black,Female,Departmental Violation,Sustained Finding,Not Applicable
17-0204,S,Black,Female,Physical Abuse,Other than Sustained Finding,Not Applicable
17-0205,KC,White,Male,Verbal Abuse,Other than Sustained Finding,Not Applicable
17-0205,KC,White,Male,Physical Abuse,Other than Sustained Finding,Not Applicable
17-0205,KC,White,Male,Departmental Violation,Other than Sustained Finding,Not Applicable
17-0205,KC,White,Male,Departmental Violation,Other than Sustained Finding,Not Applicable
17-0205,KC,White,Male,Criminal Allegation,Other than Sustained Finding,Not Applicable
17-0205,MK,White,Male,Physical Abuse,Other than Sustained Finding,Not Applicable
17-0205,MK,White,Male,Criminal Allegation,Other than Sustained Finding,Not Applicable
17-0205,MK,White,Male,Verbal Abuse,Other than Sustained Finding,Not Applicable
17-0205,MK,White,Male,Departmental Violation,Other than Sustained Finding,Not Applicable
17-0205,MK,White,Male,Departmental Violation,Other than Sustained Finding,Not Applicable
17-0206,RL,White,Male,Departmental Violation,Other than Sustained Finding,Not Applicable
17-0207,CB,Black,Male,Departmental Violation,Other than Sustained Finding,Not Applicable
17-0208,RP,White,Male,Departmental Violation,Other than Sustained Finding,Not Applicable
17-0208,RP,White,Male,Departmental Violation,Other than Sustained Finding,Not Applicable
17-0209,KG,White,Male,Investigation OnGoing,Pending,Pending
17-0210,SM,White,Male,Physical Abuse,Other than Sustained Finding,Not Applicable
17-0210,SM,White,Male,Departmental Violation,Other than Sustained Finding,Not Applicable
17-0210,MD,White,Male,Departmental Violation,Other than Sustained Finding,Not Applicable
17-0210,MD,White,Male,Physical Abuse,Other than Sustained Finding,Not Applicable
17-0211,KH,Black,Male,Lack of Service,Other than Sustained Finding,Not Applicable
17-0212,UNK,UNK,UNK,Investigation OnGoing,Pending,Pending
17-0213,AG,Black,Female,Verbal Abuse,Other than Sustained Finding,Not Applicable
17-0213,GR,Black,Female,Verbal Abuse,Other than Sustained Finding,Not Applicable
17-0214,TM,Black,Female,Investigation OnGoing,Pending,Pending
17-0215,UNK,UNK,UNK,Departmental Violation,Other than Sustained Finding,Not Applicable
17-0215,UNK,UNK,UNK,Departmental Violation,Other than Sustained Finding,Not Applicable
17-0216,SK,White,Male,Investigation OnGoing,Pending,Pending
17-0217,MP,Black,Female,Verbal Abuse,Other than Sustained Finding,Not Applicable
17-0218,BS,Black,Male,Lack of Service,Other than Sustained Finding,Not Applicable
17-0218,JM,White,Male,Lack of Service,Other than Sustained Finding,Not Applicable
17-0219,HP,Asian,Male,Lack of Service,Other than Sustained Finding,Not Applicable
17-0220,KW,White,Male,Departmental Violation,Other than Sustained Finding,Not Applicable
17-0220,KW,White,Male,Departmental Violation,Other than Sustained Finding,Not Applicable
17-0220,GL,White,Male,Departmental Violation,Other than Sustained Finding,Not Applicable
17-0220,GL,White,Male,Departmental Violation,Other than Sustained Finding,Not Applicable
17-0221,UNK,UNK,UNK,Investigation OnGoing,Pending,Pending
17-0221,JJ,Black,Male,Harassment,Other than Sustained Finding,Not Applicable
17-0222,LB,Black,Female,Lack of Service,Other than Sustained Finding,Not Applicable
17-0222,UNK,UNK,UNK,Lack of Service,Other than Sustained Finding,Not Applicable
17-0223,JM,White,Male,Physical Abuse,Other than Sustained Finding,Not Applicable
17-0223,JM,White,Male,Departmental Violation,Other than Sustained Finding,Not Applicable
17-0224,RK,White,Male,Investigation OnGoing,Pending,Pending
17-0224,KH,White,Male,Investigation OnGoing,Pending,Pending
17-0225,RP,White,Male,Investigation OnGoing,Pending,Pending
17-0226,RS,White,Male,Investigation OnGoing,Pending,Pending
17-0226,PS,White,Male,Investigation OnGoing,Pending,Pending
17-0227,BS,White,Male,Lack of Service,Other than Sustained Finding,Not Applicable
17-0227,MM,Black,Male,Lack of Service,Other than Sustained Finding,Not Applicable
17-0228,SC,White,Male,Investigation OnGoing,Pending,Pending
17-0229,NO,White,Female,Lack of Service,Other than Sustained Finding,Not Applicable
17-0229,RC,Black,Female,Lack of Service,Other than Sustained Finding,Not Applicable
17-0229,DI,White,Male,Lack of Service,Other than Sustained Finding,Not Applicable
17-0230,JF,White,Male,Lack of Service,Other than Sustained Finding,Not Applicable
17-0230,JD,Latino,Male,Lack of Service,Other than Sustained Finding,Not Applicable
17-0231,WK,White,Male,Departmental Violation,Other than Sustained Finding,Not Applicable
17-0232,JK,Black,Male,Investigation OnGoing,Pending,Pending
17-0233,EB,Black,Male,Lack of Service,Other than Sustained Finding,Not Applicable
17-0233,PW,Black,Male,Lack of Service,Other than Sustained Finding,Not Applicable
17-0234,MC,Black,Female,Investigation OnGoing,Pending,Pending
17-0235,JO,White,Male,Investigation OnGoing,Pending,Pending
17-0236,MA,White,Male,Civil Rights Complaint,Other than Sustained Finding,Not Applicable
17-0236,DD,White,Male,Civil Rights Complaint,Other than Sustained Finding,Not Applicable
17-0236,MA,White,Male,Other Misconduct,Other than Sustained Finding,Not Applicable
17-0237,RW,White,Male,Investigation OnGoing,Pending,Pending
17-0238,MO,Latino,Male,Investigation OnGoing,Pending,Pending
17-0239,BA,White,Male,Investigation OnGoing,Pending,Pending
17-0239,CR,White,Female,Investigation OnGoing,Pending,Pending
17-0240,MC,White,Male,Departmental Violation,Sustained Finding,Not Applicable
17-0240,JM,White,Male,Departmental Violation,Sustained Finding,Not Applicable
17-0240,JM,White,Male,Departmental Violation,Sustained Finding,Not Applicable
17-0240,JM,White,Male,Civil Rights Complaint,Other than Sustained Finding,Not Applicable
17-0240,MC,White,Male,Departmental Violation,Sustained Finding,Not Applicable
17-0240,MC,White,Male,Civil Rights Complaint,Other than Sustained Finding,Not Applicable
17-0241,JG,White,Male,Investigation OnGoing,Pending,Pending
17-0241,RR,Black,Male,Investigation OnGoing,Pending,Pending
17-0241,JC,Black,Male,Investigation OnGoing,Pending,Pending
17-0242,DM,White,Male,Investigation OnGoing,Pending,Pending
17-0243,WE,Black,Male,Investigation OnGoing,Pending,Pending
17-0244,LP,Latino,Female,Investigation OnGoing,Pending,Pending
17-0245,AF,White,Male,Lack of Service,Other than Sustained Finding,Not Applicable
17-0246,CB,White,Female,Lack of Service,Other than Sustained Finding,Not Applicable
17-0247,BW,White,Male,Departmental Violation,Sustained Finding,Not Applicable
17-0247,BW,White,Male,Physical Abuse,Sustained Finding,Not Applicable
17-0248,GS,Black,Male,Physical Abuse,Other than Sustained Finding,Not Applicable
17-0249,GL,White,Male,Investigation OnGoing,Pending,Pending
17-0250,JM,White,Male,Verbal Abuse,Other than Sustained Finding,Not Applicable
17-0251,TP,Black,Male,Investigation OnGoing,Pending,Pending
17-0251,RC,Latino,Male,Investigation OnGoing,Pending,Pending
17-0252,JT,Latino,Male,Verbal Abuse,Other than Sustained Finding,Not Applicable
17-0252,JT,Latino,Male,Physical Abuse,Other than Sustained Finding,Not Applicable
17-0253,JM,White,Male,Departmental Violation,Other than Sustained Finding,Not Applicable
17-0253,JM,White,Male,Unprofessional Conduct,Other than Sustained Finding,Not Applicable
17-0254,JO,White,Male,Criminal Allegation,Other than Sustained Finding,Not Applicable
17-0254,JO,White,Male,Physical Abuse,Other than Sustained Finding,Not Applicable
17-0254,JO,White,Male,Verbal Abuse,Other than Sustained Finding,Not Applicable
17-0254,JO,White,Male,Departmental Violation,Other than Sustained Finding,Not Applicable
17-0254,PS,White,Male,Criminal Allegation,Other than Sustained Finding,Not Applicable
17-0254,PS,White,Male,Departmental Violation,Other than Sustained Finding,Not Applicable
17-0254,PS,White,Male,Physical Abuse,Other than Sustained Finding,Not Applicable
17-0254,PS,White,Male,Verbal Abuse,Other than Sustained Finding,Not Applicable
17-0255,UNK,UNK,UNK,Investigation OnGoing,Pending,Pending
17-0256,LF,White,Male,Departmental Violation,Other than Sustained Finding,Not Applicable
17-0256,SD,White,Male,Departmental Violation,Other than Sustained Finding,Not Applicable
17-0257,ML,White,Male,Investigation OnGoing,Pending,Pending
17-0258,JP,White,Male,Verbal Abuse,Other than Sustained Finding,Not Applicable
17-0259,CI,Latino,Male,Verbal Abuse,Other than Sustained Finding,Not Applicable
17-0260,UNK,UNK,UNK,Verbal Abuse,Other than Sustained Finding,Not Applicable
17-0261,TS,White,Male,Physical Abuse,Other than Sustained Finding,Not Applicable
17-0261,PB,White,Male,Physical Abuse,Other than Sustained Finding,Not Applicable
17-0262,RC,Latino,Male,Investigation OnGoing,Pending,Pending
17-0262,JD,White,Male,Investigation OnGoing,Pending,Pending
17-0263,EM,White,Male,Verbal Abuse,Other than Sustained Finding,Not Applicable
17-0263,EM,White,Male,Physical Abuse,Other than Sustained Finding,Not Applicable
17-0263,EM,White,Male,Departmental Violation,Other than Sustained Finding,Not Applicable
17-0263,BN,White,Male,Physical Abuse,Other than Sustained Finding,Not Applicable
17-0263,BN,White,Male,Departmental Violation,Other than Sustained Finding,Not Applicable
17-0263,BN,White,Male,Verbal Abuse,Other than Sustained Finding,Not Applicable
17-0264,DM,White,Male,Investigation OnGoing,Pending,Pending
17-0265,MS,White,Male,Departmental Violation,Other than Sustained Finding,Not Applicable
17-0265,MS,White,Male,Departmental Violation,Sustained Finding,Training/Counseling
17-0266,MS,Latino,Male,Unprofessional Conduct,Sustained Finding,Not Applicable
17-0266,UNK,UNK,UNK,Departmental Violation,Sustained Finding,Not Applicable
17-0266,MS,Latino,Male,Departmental Violation,Sustained Finding,Not Applicable
17-0266,KF,White,Male,Departmental Violation,Sustained Finding,Not Applicable
17-0266,KF,White,Male,Physical Abuse,Other than Sustained Finding,Not Applicable
17-0266,KF,White,Male,Physical Abuse,Other than Sustained Finding,Not Applicable
17-0266,KF,White,Male,Physical Abuse,Other than Sustained Finding,Not Applicable
17-0266,KF,White,Male,Physical Abuse,Other than Sustained Finding,Not Applicable
17-0266,JG,White,Male,Lack of Service,Sustained Finding,Not Applicable
17-0267,DN,Black,Female,Investigation OnGoing,Pending,Pending
17-0267,CA,Black,Male,Investigation OnGoing,Pending,Pending
17-0267,ER,Black,Male,Investigation OnGoing,Pending,Pending
17-0267,RG,Black,Male,Investigation OnGoing,Pending,Pending
17-0268,GB,White,Male,Investigation OnGoing,Pending,Pending
17-0268,CY,White,Male,Investigation OnGoing,Pending,Pending
17-0269,JH,Black,Male,Investigation OnGoing,Pending,Pending
17-0269,JF,White,Male,Investigation OnGoing,Pending,Pending
17-0269,GS,Latino,Male,Investigation OnGoing,Pending,Pending
17-0270,KS,White,Male,Lack of Service,Other than Sustained Finding,Not Applicable
17-0270,OS,Latino,Male,Lack of Service,Other than Sustained Finding,Not Applicable
17-0271,JJ,Black,Male,Investigation OnGoing,Pending,Pending
17-0271,GF,White,Female,Investigation OnGoing,Pending,Pending
17-0271,RS,Asian,Male,Investigation OnGoing,Pending,Pending
17-0271,SB,Black,Male,Investigation OnGoing,Pending,Pending
17-0271,MM,White,Male,Investigation OnGoing,Pending,Pending
17-0272,BM,Black,Female,Investigation OnGoing,Pending,Pending
17-0273,ER,White,Male,Physical Abuse,Other than Sustained Finding,Not Applicable
17-0273,AC,White,Male,Physical Abuse,Other than Sustained Finding,Not Applicable
17-0274,PM,Black,Male,Investigation OnGoing,Pending,Pending
17-0275,AG,White,Male,Investigation OnGoing,Pending,Pending
17-0275,ZN,White,Male,Investigation OnGoing,Pending,Pending
17-0276,UNK,UNK,UNK,Investigation OnGoing,Pending,Pending
17-0277,MS,White,Male,Investigation OnGoing,Pending,Pending
17-0277,CB,White,Male,Investigation OnGoing,Pending,Pending
17-0278,DA,White,Male,Investigation OnGoing,Pending,Pending
17-0279,UNK,UNK,UNK,Investigation OnGoing,Pending,Pending
17-0280,JH,Black,Female,Investigation OnGoing,Pending,Pending
17-0281,MD,White,Male,Lack of Service,Other than Sustained Finding,Not Applicable
17-0282,MK,White,Male,Investigation OnGoing,Pending,Pending
17-0282,BR,White,Male,Investigation OnGoing,Pending,Pending
17-0283,BS,Black,Female,Departmental Violation,Other than Sustained Finding,Not Applicable
17-0284,MV,Black,Male,Departmental Violation,Sustained Finding,Not Applicable
17-0284,MV,Black,Male,Lack of Service,Other than Sustained Finding,Not Applicable
17-0285,DW,Black,Female,Investigation OnGoing,Pending,Pending
17-0285,MB,White,Female,Investigation OnGoing,Pending,Pending
17-0285,MC,Latino,Female,Investigation OnGoing,Pending,Pending
17-0285,CR,Latino,Female,Investigation OnGoing,Pending,Pending
17-0285,SM,Other,Female,Investigation OnGoing,Pending,Pending
17-0286,WF,Black,Male,Investigation OnGoing,Pending,Pending
17-0286,VP,White,Male,Investigation OnGoing,Pending,Pending
17-0286,KM,Black,Female,Investigation OnGoing,Pending,Pending
17-0287,RK,White,Male,Physical Abuse,Other than Sustained Finding,Not Applicable
17-0288,TD,White,Male,Departmental Violation,Sustained Finding,Pending
17-0288,TD,White,Male,Physical Abuse,Sustained Finding,Pending
17-0288,BB,White,Male,Departmental Violation,Sustained Finding,Pending
17-0288,BB,White,Male,Physical Abuse,Sustained Finding,Pending
17-0289,RH,Black,Female,Investigation OnGoing,Pending,Pending
17-0290,AR,White,Male,Investigation OnGoing,Pending,Pending
17-0291,RC,White,Male,Investigation OnGoing,Pending,Pending
17-0291,JB,White,Male,Investigation OnGoing,Pending,Pending
17-0292,KF,White,Male,Verbal Abuse,Other than Sustained Finding,Not Applicable
17-0292,RV,Latino,Male,Verbal Abuse,Other than Sustained Finding,Not Applicable
17-0293,UNK,UNK,UNK,Investigation OnGoing,Pending,Pending
17-0294,BM,White,Male,Physical Abuse,Other than Sustained Finding,Not Applicable
17-0295,UNK,UNK,UNK,Investigation OnGoing,Pending,Pending
17-0296,MF,White,Male,Investigation OnGoing,Pending,Pending
17-0297,RS,Asian,Male,Departmental Violation,Other than Sustained Finding,Not Applicable
17-0297,SD,Black,Male,Departmental Violation,Other than Sustained Finding,Not Applicable
17-0298,MS,Latino,Male,Harassment,Other than Sustained Finding,Not Applicable
17-0298,MS,Latino,Male,Departmental Violation,Other than Sustained Finding,Not Applicable
17-0299,JR,White,Male,Investigation OnGoing,Pending,Pending
17-0300,JM,White,Male,Investigation OnGoing,Pending,Pending
17-0301,KA,Black,Male,Other Misconduct,Other than Sustained Finding,Not Applicable
17-0301,KA,Black,Male,Criminal Allegation,Sustained Finding,Not Applicable
17-0302,RW,White,Male,Investigation OnGoing,Pending,Pending
17-0303,JG,Black,Female,Investigation OnGoing,Pending,Pending
17-0304,UNK,UNK,UNK,Investigation OnGoing,Pending,Pending
17-0305,BT,Black,Male,Investigation OnGoing,Pending,Pending
17-0306,TA,Black,Female,Lack of Service,Other than Sustained Finding,Not Applicable
17-0306,JW,White,Male,Lack of Service,Other than Sustained Finding,Not Applicable
17-0306,NM,Black,Male,Lack of Service,Other than Sustained Finding,Not Applicable
17-0307,MS,Latino,Male,Investigation OnGoing,Pending,Pending
17-0308,JH,Black,Male,Departmental Violation,Sustained Finding,Not Applicable
17-0308,JH,Black,Male,Lack of Service,Other than Sustained Finding,Not Applicable
17-0309,UNK,UNK,UNK,Verbal Abuse,Other than Sustained Finding,Not Applicable
17-0309,UNK,UNK,UNK,Lack of Service,Other than Sustained Finding,Not Applicable
17-0310,RK,Asian,Male,Investigation OnGoing,Pending,Pending
17-0311,SK,White,Male,Investigation OnGoing,Pending,Pending
17-0312,RL,White,Male,Civil Rights Complaint,Other than Sustained Finding,Not Applicable
17-0312,KL,White,Male,Civil Rights Complaint,Other than Sustained Finding,Not Applicable
17-0313,PW,White,Female,Domestic,Other than Sustained Finding,Not Applicable
17-0314,JA,White,Male,Investigation OnGoing,Pending,Pending
17-0315,SE,White,Female,Lack of Service,Other than Sustained Finding,Not Applicable
17-0316,UNK,UNK,UNK,Investigation OnGoing,Pending,Pending
17-0317,MQ,White,Male,Investigation OnGoing,Pending,Pending
17-0318,TA,Black,Female,Investigation OnGoing,Pending,Pending
17-0319,CF,White,Male,Investigation OnGoing,Pending,Pending
17-0320,AF,White,Male,Lack of Service,Sustained Finding,Not Applicable
17-0320,AF,White,Male,Disciplinary Code Violation,Sustained Finding,Not Applicable
17-0320,AC,Black,Male,Disciplinary Code Violation,Sustained Finding,Not Applicable
17-0320,AC,Black,Male,Lack of Service,Sustained Finding,Not Applicable
17-0321,JG,White,Male,Investigation OnGoing,Pending,Pending
17-0322,FA,Black,Male,Lack of Service,Other than Sustained Finding,Not Applicable
17-0322,MB,Black,Female,Lack of Service,Other than Sustained Finding,Not Applicable
17-0323,KD,White,Male,Investigation OnGoing,Pending,Pending
17-0323,JC,White,Male,Investigation OnGoing,Pending,Pending
17-0324,BC,Latino,Male,Investigation OnGoing,Pending,Pending
17-0324,AP,Latino,Male,Investigation OnGoing,Pending,Pending
17-0325,BC,Latino,Male,Investigation OnGoing,Pending,Pending
17-0325,AP,Latino,Male,Investigation OnGoing,Pending,Pending
17-0326,JB,White,Male,Lack of Service,Other than Sustained Finding,Not Applicable
17-0326,DT,White,Female,Lack of Service,Other than Sustained Finding,Not Applicable
17-0327,EG,Latino,Female,Investigation OnGoing,Pending,Pending
17-0328,DC,White,Male,Investigation OnGoing,Pending,Pending
17-0328,CW,White,Male,Investigation OnGoing,Pending,Pending
17-0328,MW,White,Male,Investigation OnGoing,Pending,Pending
17-0328,RM,Black,Male,Investigation OnGoing,Pending,Pending
17-0328,DE,White,Male,Investigation OnGoing,Pending,Pending
17-0328,IG,White,Male,Investigation OnGoing,Pending,Pending
17-0329,SP,White,Male,Investigation OnGoing,Pending,Pending
17-0329,MG,White,Male,Investigation OnGoing,Pending,Pending
17-0329,CB,Black,Female,Investigation OnGoing,Pending,Pending
17-0330,SB,Black,Female,Physical Abuse,Other than Sustained Finding,Not Applicable
17-0331,DL,White,Male,Investigation OnGoing,Pending,Pending
17-0331,JK,White,Male,Investigation OnGoing,Pending,Pending
17-0332,TE,White,Male,Investigation OnGoing,Pending,Pending
17-0333,RM,Black,Female,Investigation OnGoing,Pending,Pending
17-0334,DS,White,Female,Criminal Allegation,Other than Sustained Finding,Not Applicable
17-0335,EG,Latino,Male,Investigation OnGoing,Pending,Pending
17-0336,YB,Latino,Female,Investigation OnGoing,Pending,Pending
17-0337,MM,White,Male,Investigation OnGoing,Pending,Pending
17-0337,MV,Black,Male,Investigation OnGoing,Pending,Pending
17-0338,EF,Black,Male,Investigation OnGoing,Pending,Pending
17-0338,MW,Black,Male,Investigation OnGoing,Pending,Pending
17-0338,EG,Latino,Female,Investigation OnGoing,Pending,Pending
17-0338,WR,Black,Female,Investigation OnGoing,Pending,Pending
17-0339,JW,White,Female,Departmental Violation,Other than Sustained Finding,Not Applicable
17-0340,JH,Black,Male,Unprofessional Conduct,Other than Sustained Finding,Not Applicable
17-0341,BK,White,Male,Investigation OnGoing,Pending,Pending
17-0341,DH,White,Male,Investigation OnGoing,Pending,Pending
17-0342,UNK,UNK,UNK,Lack of Service,Other than Sustained Finding,Not Applicable
17-0342,UNK,UNK,UNK,Verbal Abuse,Other than Sustained Finding,Not Applicable
17-0342,MB,White,Female,Lack of Service,Other than Sustained Finding,Not Applicable
17-0343,SH,Black,Female,Verbal Abuse,Other than Sustained Finding,Not Applicable
17-0344,SS,Black,Male,Investigation OnGoing,Pending,Pending
17-0345,JS,White,Male,Investigation OnGoing,Pending,Pending
17-0345,BD,White,Male,Investigation OnGoing,Pending,Pending
17-0346,NG,Latino,Female,Departmental Violation,Other than Sustained Finding,Not Applicable
17-0346,MB,White,Female,Departmental Violation,Other than Sustained Finding,Not Applicable
17-0347,PB,Black,Female,Physical Abuse,Other than Sustained Finding,Not Applicable
17-0347,PB,Black,Female,Verbal Abuse,Other than Sustained Finding,Not Applicable
17-0347,PB,Black,Female,Unprofessional Conduct,Other than Sustained Finding,Not Applicable
17-0348,EC,White,Female,Lack of Service,Other than Sustained Finding,Not Applicable
17-0349,UNK,UNK,UNK,Investigation OnGoing,Pending,Pending
17-0350,UNK,UNK,UNK,Departmental Violation,Other than Sustained Finding,Not Applicable
17-0351,OR,Latino,Male,Departmental Violation,Sustained Finding,Not Applicable
17-0352,UNK,UNK,UNK,Investigation OnGoing,Pending,Pending
17-0353,BM,White,Male,Investigation OnGoing,Pending,Pending
17-0354,CC,Black,Male,Lack of Service,Other than Sustained Finding,Not Applicable
17-0354,NK,Black,Male,Lack of Service,Other than Sustained Finding,Not Applicable
17-0355,JW,Black,Male,Investigation OnGoing,Pending,Pending
17-0355,LG,White,Male,Investigation OnGoing,Pending,Pending
17-0355,CM,White,Male,Investigation OnGoing,Pending,Pending
17-0356,VC,White,Female,Departmental Violation,Other than Sustained Finding,Not Applicable
17-0356,RP,Latino,Male,Departmental Violation,Other than Sustained Finding,Not Applicable
17-0357,ER,White,Male,Investigation OnGoing,Pending,Pending
17-0357,DT,Asian,Male,Investigation OnGoing,Pending,Pending
17-0358,SS,White,Female,Lack of Service,Other than Sustained Finding,Not Applicable
17-0359,CJ,Black,Male,Investigation OnGoing,Pending,Pending
17-0359,JF,Black,Male,Investigation OnGoing,Pending,Pending
17-0360,HM,Black,Male,Lack of Service,Other than Sustained Finding,Not Applicable
17-0361,SM,White,Male,Investigation OnGoing,Pending,Pending
17-0361,RL,White,Female,Investigation OnGoing,Pending,Pending
17-0361,SW,White,Male,Investigation OnGoing,Pending,Pending
17-0362,RH,White,Male,Investigation OnGoing,Pending,Pending
17-0363,VA,Black,Female,Lack of Service,Other than Sustained Finding,Not Applicable
17-0364,UNK,UNK,UNK,Investigation OnGoing,Pending,Pending
17-0365,UNK,UNK,UNK,Investigation OnGoing,Pending,Pending
17-0366,WK,White,Male,Investigation OnGoing,Pending,Pending
17-0366,SM,White,Male,Investigation OnGoing,Pending,Pending
17-0367,SM,Other,Female,Investigation OnGoing,Pending,Pending
17-0368,SM,Other,Female,Investigation OnGoing,Pending,Pending
17-0369,BJ,Black,Female,Unprofessional Conduct,Sustained Finding,Pending
17-0370,MS,Black,Male,Investigation OnGoing,Pending,Pending
17-0371,ET,White,Male,Departmental Violation,Other than Sustained Finding,Not Applicable
17-0371,MJ,White,Male,Departmental Violation,Other than Sustained Finding,Not Applicable
17-0372,NR,Asian,Male,Investigation OnGoing,Pending,Pending
17-0373,JF,White,Male,Departmental Violation,Other than Sustained Finding,Not Applicable
17-0373,RG,Black,Male,Departmental Violation,Other than Sustained Finding,Not Applicable
17-0373,RG,Black,Male,Departmental Violation,Sustained Finding,Not Applicable
17-0374,BJ,Black,Male,Investigation OnGoing,Pending,Pending
17-0375,MS,White,Male,Verbal Abuse,Other than Sustained Finding,Not Applicable
17-0376,RM,White,Male,Investigation OnGoing,Pending,Pending
17-0377,JT,White,Male,Lack of Service,Other than Sustained Finding,Not Applicable
17-0377,KM,White,Male,Lack of Service,Other than Sustained Finding,Not Applicable
17-0378,UNK,UNK,UNK,Lack of Service,Other than Sustained Finding,Not Applicable
17-0379,UNK,UNK,UNK,Departmental Violation,Other than Sustained Finding,Not Applicable
17-0380,JL,White,Male,Investigation OnGoing,Pending,Pending
17-0381,UNK,UNK,UNK,Investigation OnGoing,Pending,Pending
17-0382,SA,White,Male,Lack of Service,Other than Sustained Finding,Not Applicable
17-0382,RB,Black,Male,Lack of Service,Other than Sustained Finding,Not Applicable
17-0383,RG,White,Male,Verbal Abuse,Other than Sustained Finding,Not Applicable
17-0384,DG,White,Male,Investigation OnGoing,Pending,Pending
17-0384,WF,White,Male,Investigation OnGoing,Pending,Pending
17-0384,RE,White,Male,Investigation OnGoing,Pending,Pending
17-0385,JT,Latino,Male,Unprofessional Conduct,Other than Sustained Finding,Not Applicable
17-0386,SJ,Black,Female,Investigation OnGoing,Pending,Pending
17-0387,SM,Latino,Male,Departmental Violation,Other than Sustained Finding,Not Applicable
17-0388,KW,Black,Male,Lack of Service,Other than Sustained Finding,Not Applicable
17-0389,TC,Black,Female,Investigation OnGoing,Pending,Pending
17-0390,WL,White,Male,Investigation OnGoing,Pending,Pending
17-0391,MR,White,Male,Lack of Service,Other than Sustained Finding,Not Applicable
17-0391,SR,White,Male,Lack of Service,Other than Sustained Finding,Not Applicable
17-0392,JF,White,Male,Verbal Abuse,Other than Sustained Finding,Not Applicable
17-0393,MM,Black,Male,Investigation OnGoing,Pending,Pending
17-0394,SG,White,Male,Investigation OnGoing,Pending,Pending
17-0394,VV,White,Male,Investigation OnGoing,Pending,Pending
17-0395,RC,White,Male,Investigation OnGoing,Pending,Pending
17-0396,UNK,UNK,UNK,Lack of Service,Other than Sustained Finding,Not Applicable
17-0397,UNK,UNK,UNK,Investigation OnGoing,Pending,Pending
17-0398,TB,White,Male,Investigation OnGoing,Pending,Pending
17-0399,WA,White,Male,Investigation OnGoing,Pending,Pending
17-0400,JY,White,Male,Investigation OnGoing,Pending,Pending
17-0400,SM,White,Male,Investigation OnGoing,Pending,Pending
17-0400,PR,White,Male,Investigation OnGoing,Pending,Pending
17-0400,CD,White,Male,Investigation OnGoing,Pending,Pending
17-0401,JC,White,Male,Investigation OnGoing,Pending,Pending
17-0401,TK,White,Male,Investigation OnGoing,Pending,Pending
17-0401,GJ,Black,Female,Investigation OnGoing,Pending,Pending
17-0401,RH,Black,Male,Investigation OnGoing,Pending,Pending
17-0401,KO,Black,Male,Investigation OnGoing,Pending,Pending
17-0401,MW,Black,Male,Investigation OnGoing,Pending,Pending
17-0402,HR,Black,Male,Investigation OnGoing,Pending,Pending
17-0403,IE,Black,Female,Investigation OnGoing,Pending,Pending
17-0404,UNK,UNK,UNK,Investigation OnGoing,Pending,Pending
17-0405,MC,White,Male,Lack of Service,Other than Sustained Finding,Not Applicable
17-0406,SC,White,Male,Physical Abuse,Other than Sustained Finding,Not Applicable
17-0406,JC,White,Male,Physical Abuse,Other than Sustained Finding,Not Applicable
17-0407,GS,Black,Male,Lack of Service,Other than Sustained Finding,Not Applicable
17-0408,SF,White,Male,Investigation OnGoing,Pending,Pending
17-0409,PL,White,Male,Investigation OnGoing,Pending,Pending
17-0409,MM,White,Male,Investigation OnGoing,Pending,Pending
17-0409,RC,Latino,Male,Investigation OnGoing,Pending,Pending
17-0410,WP,White,Male,Investigation OnGoing,Pending,Pending
17-0411,AW,Black,Male,Investigation OnGoing,Pending,Pending
17-0411,DR,Latino,Male,Investigation OnGoing,Pending,Pending
17-0412,GM,Black,Male,Investigation OnGoing,Pending,Pending
17-0413,JL,White,Male,Investigation OnGoing,Pending,Pending
17-0414,GS,Latino,Male,Investigation OnGoing,Pending,Pending
17-0414,JW,White,Male,Investigation OnGoing,Pending,Pending
17-0415,JL,White,Male,Departmental Violation,Other than Sustained Finding,Not Applicable
17-0415,RB,White,Male,Departmental Violation,Other than Sustained Finding,Not Applicable
17-0416,UNK,UNK,UNK,Investigation OnGoing,Pending,Pending
17-0417,SM,White,Male,Investigation OnGoing,Pending,Pending
17-0417,JC,White,Male,Investigation OnGoing,Pending,Pending
17-0417,WB,White,Male,Investigation OnGoing,Pending,Pending
17-0417,WH,White,Male,Investigation OnGoing,Pending,Pending
17-0418,RW,White,Male,Investigation OnGoing,Pending,Pending
17-0419,UNK,UNK,UNK,Lack of Service,Other than Sustained Finding,Not Applicable
17-0420,MC,Black,Male,Investigation OnGoing,Pending,Pending
17-0420,BC,White,Male,Investigation OnGoing,Pending,Pending
17-0421,MM,Black,Male,Investigation OnGoing,Pending,Pending
17-0422,SF,White,Male,Departmental Violation,Sustained Finding,Training/Counseling
17-0422,CM,White,Male,Departmental Violation,Other than Sustained Finding,Not Applicable
17-0423,JC,Black,Male,Investigation OnGoing,Pending,Pending
17-0424,UNK,UNK,UNK,Investigation OnGoing,Pending,Pending
17-0425,AF,White,Male,Investigation OnGoing,Pending,Pending
17-0425,AC,Black,Male,Investigation OnGoing,Pending,Pending
17-0426,MF,White,Male,Investigation OnGoing,Pending,Pending
17-0426,CG,Latino,Female,Investigation OnGoing,Pending,Pending
17-0427,MW,White,Male,Investigation OnGoing,Pending,Pending
17-0427,DB,White,Female,Investigation OnGoing,Pending,Pending
17-0427,BK,White,Male,Investigation OnGoing,Pending,Pending
17-0427,JC,White,Male,Investigation OnGoing,Pending,Pending
17-0427,HC,White,Male,Investigation OnGoing,Pending,Pending
17-0428,RH,White,Male,Investigation OnGoing,Pending,Pending
17-0428,MR,White,Male,Investigation OnGoing,Pending,Pending
17-0429,UNK,UNK,UNK,Investigation OnGoing,Pending,Pending
17-0430,JP,White,Male,Investigation OnGoing,Pending,Pending
17-0430,TD,White,Male,Investigation OnGoing,Pending,Pending
17-0431,AB,White,Male,Lack of Service,Other than Sustained Finding,Not Applicable
17-0431,DB,White,Male,Lack of Service,Other than Sustained Finding,Not Applicable
17-0432,JT,White,Male,Investigation OnGoing,Pending,Pending
17-0432,GG,White,Male,Investigation OnGoing,Pending,Pending
17-0433,RN,Black,Male,Investigation OnGoing,Pending,Pending
17-0434,BD,White,Male,Investigation OnGoing,Pending,Pending
17-0435,RZ,White,Male,Investigation OnGoing,Pending,Pending
17-0435,KW,Black,Female,Investigation OnGoing,Pending,Pending
17-0436,DL,White,Male,Investigation OnGoing,Pending,Pending
17-0436,TE,White,Male,Investigation OnGoing,Pending,Pending
17-0437,MW,Black,Female,Investigation OnGoing,Pending,Pending
17-0437,AC,White,Male,Investigation OnGoing,Pending,Pending
17-0437,RH,Black,Male,Investigation OnGoing,Pending,Pending
17-0437,KO,Black,Male,Investigation OnGoing,Pending,Pending
17-0438,JE,Latino,Male,Investigation OnGoing,Pending,Pending
17-0438,RV,Latino,Male,Investigation OnGoing,Pending,Pending
17-0439,CS,White,Male,Investigation OnGoing,Pending,Pending
17-0440,TW,Black,Male,Investigation OnGoing,Pending,Pending
17-0441,UNK,UNK,UNK,Investigation OnGoing,Pending,Pending
17-0443,UNK,UNK,UNK,Investigation OnGoing,Pending,Pending
17-0444,CL,Black,Male,Investigation OnGoing,Pending,Pending
17-0445,NR,White,Male,Investigation OnGoing,Pending,Pending
17-0445,EM,Black,Male,Investigation OnGoing,Pending,Pending
17-0446,EA,Black,Male,Investigation OnGoing,Pending,Pending
17-0447,ML,White,Male,Investigation OnGoing,Pending,Pending
17-0447,CL,White,Male,Investigation OnGoing,Pending,Pending
17-0447,KP,White,Male,Investigation OnGoing,Pending,Pending
17-0448,DN,Black,Female,Investigation OnGoing,Pending,Pending
17-0449,JP,White,Male,Investigation OnGoing,Pending,Pending
17-0450,MG,White,Male,Investigation OnGoing,Pending,Pending
17-0450,FB,White,Male,Investigation OnGoing,Pending,Pending
17-0450,LG,White,Male,Investigation OnGoing,Pending,Pending
17-0451,JP,Black,Female,Investigation OnGoing,Pending,Pending
17-0452,RS,White,Female,Investigation OnGoing,Pending,Pending
17-0452,NK,White,Female,Investigation OnGoing,Pending,Pending
17-0453,CB,White,Male,Investigation OnGoing,Pending,Pending
17-0454,BH,White,Male,Investigation OnGoing,Pending,Pending
17-0455,BW,White,Male,Lack of Service,Sustained Finding,Not Applicable
17-0456,DG,Black,Female,Investigation OnGoing,Pending,Pending
17-0457,RM,White,Male,Investigation OnGoing,Pending,Pending
17-0458,UNK,UNK,UNK,Investigation OnGoing,Pending,Pending
17-0459,DG,Black,Male,Investigation OnGoing,Pending,Pending
17-0460,IL,White,Male,Investigation OnGoing,Pending,Pending
17-0461,RG,Black,Male,Investigation OnGoing,Pending,Pending
17-0461,PT,Black,Male,Investigation OnGoing,Pending,Pending
17-0462,UNK,UNK,UNK,Investigation OnGoing,Pending,Pending
17-0463,JM,White,Male,Investigation OnGoing,Pending,Pending
17-0463,PT,White,Male,Investigation OnGoing,Pending,Pending
17-0464,JW,White,Female,Investigation OnGoing,Pending,Pending
17-0465,KB,White,Female,Investigation OnGoing,Pending,Pending
17-0465,JC,White,Male,Investigation OnGoing,Pending,Pending
17-0466,RO,Latino,Male,Investigation OnGoing,Pending,Pending
17-0466,RB,Black,Male,Investigation OnGoing,Pending,Pending
17-0467,CC,Black,Male,Investigation OnGoing,Pending,Pending
17-0468,SP,White,Male,Investigation OnGoing,Pending,Pending
17-0468,MG,White,Male,Investigation OnGoing,Pending,Pending
17-0469,JS,White,Male,Investigation OnGoing,Pending,Pending
17-0470,SG,Black,Female,Investigation OnGoing,Pending,Pending
17-0470,TB,White,Male,Investigation OnGoing,Pending,Pending
17-0470,AD,Latino,Male,Investigation OnGoing,Pending,Pending
17-0471,JO,White,Male,Investigation OnGoing,Pending,Pending
17-0471,ER,Black,Male,Investigation OnGoing,Pending,Pending
17-0472,AG,Black,Male,Investigation OnGoing,Pending,Pending
17-0473,MS,Black,Male,Investigation OnGoing,Pending,Pending
17-0473,CM,Black,Male,Investigation OnGoing,Pending,Pending
17-0474,B,Black,Female,Investigation OnGoing,Pending,Pending
17-0475,MW,White,Male,Investigation OnGoing,Pending,Pending
17-0475,TM,White,Male,Investigation OnGoing,Pending,Pending
17-0475,BW,White,Male,Investigation OnGoing,Pending,Pending
17-0476,TK,White,Male,Investigation OnGoing,Pending,Pending
17-0477,BW,White,Male,Investigation OnGoing,Pending,Pending
17-0478,DD,White,Male,Investigation OnGoing,Pending,Pending
17-0478,LL,White,Male,Investigation OnGoing,Pending,Pending
17-0479,IF,White,Male,Investigation OnGoing,Pending,Pending
17-0479,LK,White,Male,Investigation OnGoing,Pending,Pending
